"RK",TIERS,"PLAYER NAME",TEAM,"POS","BYE WEEK","SOS SEASON","ECR VS. ADP"
"1",1,"Christian McCaffrey",SF,"RB1","9","2 out of 5 stars","0"
"2",1,"CeeDee Lamb",DAL,"WR1","7","3 out of 5 stars","0"
"3",1,"Tyreek Hill",MIA,"WR2","6","2 out of 5 stars","0"
"4",2,"Ja'Marr Chase",CIN,"WR3","12","2 out of 5 stars","0"
"5",2,"Breece Hall",NYJ,"RB2","12","2 out of 5 stars","+2"
"6",2,"Amon-Ra St. Brown",DET,"WR4","5","4 out of 5 stars","+2"
"7",2,"Justin Jefferson",MIN,"WR5","6","3 out of 5 stars","-2"
"8",2,"Bijan Robinson",ATL,"RB3","12","4 out of 5 stars","-2"
"9",2,"A.J. Brown",PHI,"WR6","5","2 out of 5 stars","0"
"10",3,"Puka Nacua",LAR,"WR7","6","3 out of 5 stars","0"
"11",3,"Garrett Wilson",NYJ,"WR8","12","4 out of 5 stars","0"
"12",3,"Jahmyr Gibbs",DET,"RB4","5","3 out of 5 stars","+1"
"13",3,"Jonathan Taylor",IND,"RB5","14","2 out of 5 stars","-1"
"14",3,"Saquon Barkley",PHI,"RB6","5","4 out of 5 stars","0"
"15",3,"Davante Adams",LV,"WR9","10","3 out of 5 stars","0"
"16",4,"Brandon Aiyuk",SF,"WR10","9","2 out of 5 stars","+11"
"17",4,"Josh Allen",BUF,"QB1","12","1 out of 5 stars","+6"
"18",4,"Marvin Harrison Jr.",ARI,"WR11","11","3 out of 5 stars","-2"
"19",4,"Mike Evans",TB,"WR12","11","3 out of 5 stars","+10"
"20",4,"Chris Olave",NO,"WR13","12","3 out of 5 stars","-3"
"21",4,"Kyren Williams",LAR,"RB7","6","3 out of 5 stars","-1"
"22",4,"Travis Etienne Jr.",JAC,"RB8","12","2 out of 5 stars","+2"
"23",4,"Drake London",ATL,"WR14","12","4 out of 5 stars","-5"
"24",4,"Nico Collins",HOU,"WR15","14","3 out of 5 stars","-5"
"25",4,"Sam LaPorta",DET,"TE1","5","3 out of 5 stars","+1"
"26",5,"Jalen Hurts",PHI,"QB2","5","2 out of 5 stars","+5"
"27",5,"Isiah Pacheco",KC,"RB9","6","3 out of 5 stars","+11"
"28",5,"Derrick Henry",BAL,"RB10","14","3 out of 5 stars","-3"
"29",5,"Travis Kelce",KC,"TE2","6","3 out of 5 stars","+5"
"30",5,"Deebo Samuel Sr.",SF,"WR16","9","2 out of 5 stars","-8"
"31",5,"De'Von Achane",MIA,"RB11","6","3 out of 5 stars","-10"
"32",5,"DK Metcalf",SEA,"WR17","10","3 out of 5 stars","+3"
"33",5,"DJ Moore",CHI,"WR18","7","4 out of 5 stars","0"
"34",5,"Jaylen Waddle",MIA,"WR19","6","2 out of 5 stars","-6"
"35",5,"Lamar Jackson",BAL,"QB3","14","4 out of 5 stars","+6"
"36",5,"Patrick Mahomes II",KC,"QB4","6","3 out of 5 stars","+4"
"37",5,"Cooper Kupp",LAR,"WR20","6","3 out of 5 stars","-5"
"38",5,"Michael Pittman Jr.",IND,"WR21","14","4 out of 5 stars","-8"
"39",6,"Rachaad White",TB,"RB12","11","5 out of 5 stars","+4"
"40",6,"Amari Cooper",CLE,"WR22","10","3 out of 5 stars","+5"
"41",6,"DeVonta Smith",PHI,"WR23","5","2 out of 5 stars","-4"
"42",6,"Joe Mixon",HOU,"RB13","14","3 out of 5 stars","+9"
"43",6,"Josh Jacobs",GB,"RB14","10","1 out of 5 stars","-4"
"44",6,"Malik Nabers",NYG,"WR24","11","3 out of 5 stars","-2"
"45",6,"George Pickens",PIT,"WR25","9","1 out of 5 stars","+3"
"46",6,"James Cook",BUF,"RB15","12","2 out of 5 stars","+1"
"47",6,"Stefon Diggs",HOU,"WR26","14","3 out of 5 stars","-11"
"48",6,"Tank Dell",HOU,"WR27","14","3 out of 5 stars","+6"
"49",6,"Zay Flowers",BAL,"WR28","14","3 out of 5 stars","-3"
"50",6,"Mark Andrews",BAL,"TE3","14","3 out of 5 stars","-1"
"51",6,"Kenneth Walker III",SEA,"RB16","10","4 out of 5 stars","+4"
"52",6,"C.J. Stroud",HOU,"QB5","14","2 out of 5 stars","+5"
"53",6,"Trey McBride",ARI,"TE4","11","5 out of 5 stars","-9"
"54",6,"Tee Higgins",CIN,"WR29","12","2 out of 5 stars","-4"
"55",7,"Anthony Richardson",IND,"QB6","14","5 out of 5 stars","-2"
"56",7,"Christian Kirk",JAC,"WR30","12","4 out of 5 stars","0"
"57",7,"Alvin Kamara",NO,"RB17","12","5 out of 5 stars","+1"
"58",7,"Joe Burrow",CIN,"QB7","12","2 out of 5 stars","+12"
"59",7,"Terry McLaurin",WAS,"WR31","14","3 out of 5 stars","+1"
"60",7,"Aaron Jones",MIN,"RB18","6","3 out of 5 stars","+6"
"61",7,"Chris Godwin",TB,"WR32","11","3 out of 5 stars","+1"
"62",7,"Keenan Allen",CHI,"WR33","7","4 out of 5 stars","-3"
"63",7,"Calvin Ridley",TEN,"WR34","5","4 out of 5 stars","+2"
"64",7,"Kyler Murray",ARI,"QB8","11","2 out of 5 stars","+8"
"65",7,"James Conner",ARI,"RB19","11","2 out of 5 stars","+16"
"66",7,"Dak Prescott",DAL,"QB9","7","2 out of 5 stars","+5"
"67",7,"Dalton Kincaid",BUF,"TE5","12","2 out of 5 stars","-15"
"68",7,"David Montgomery",DET,"RB20","5","3 out of 5 stars","+8"
"69",7,"Rhamondre Stevenson",NE,"RB21","14","2 out of 5 stars","-6"
"70",7,"Zamir White",LV,"RB22","10","3 out of 5 stars","+10"
"71",8,"Jayden Reed",GB,"WR35","10","4 out of 5 stars","-7"
"72",8,"Najee Harris",PIT,"RB23","9","4 out of 5 stars","-3"
"73",8,"George Kittle",SF,"TE6","9","4 out of 5 stars","+1"
"74",8,"Diontae Johnson",CAR,"WR36","11","5 out of 5 stars","+5"
"75",8,"Jordan Love",GB,"QB10","10","5 out of 5 stars","0"
"76",8,"Brock Purdy",SF,"QB11","9","2 out of 5 stars","+17"
"77",8,"Hollywood Brown",KC,"WR37","6","3 out of 5 stars","-10"
"78",8,"DeAndre Hopkins",TEN,"WR38","5","4 out of 5 stars","0"
"79",8,"Tony Pollard",TEN,"RB24","5","3 out of 5 stars","+11"
"80",8,"D'Andre Swift",CHI,"RB25","7","2 out of 5 stars","-3"
"81",8,"Zack Moss",CIN,"RB26","12","3 out of 5 stars","+3"
"82",8,"Raheem Mostert",MIA,"RB27","6","3 out of 5 stars","+7"
"83",8,"Kyle Pitts",ATL,"TE7","12","3 out of 5 stars","-22"
"84",8,"Jaylen Warren",PIT,"RB28","9","4 out of 5 stars","-1"
"85",8,"Rashee Rice",KC,"WR39","6","3 out of 5 stars","-12"
"86",8,"Evan Engram",JAC,"TE8","12","3 out of 5 stars","-18"
"87",8,"Jayden Daniels",WAS,"QB12","14","3 out of 5 stars","+9"
"88",8,"Devin Singletary",NYG,"RB29","11","3 out of 5 stars","+10"
"89",8,"Jordan Addison",MIN,"WR40","6","3 out of 5 stars","-4"
"90",8,"Xavier Worthy",KC,"WR41","6","3 out of 5 stars","+2"
"91",8,"Ladd McConkey",LAC,"WR42","5","3 out of 5 stars","-5"
"92",8,"Jonathon Brooks",CAR,"RB30","11","4 out of 5 stars","-4"
"93",8,"Brian Robinson Jr.",WAS,"RB31","14","3 out of 5 stars","+7"
"94",8,"Courtland Sutton",DEN,"WR43","14","2 out of 5 stars","+8"
"95",9,"Caleb Williams",CHI,"QB13","7","4 out of 5 stars","+14"
"96",9,"David Njoku",CLE,"TE9","10","3 out of 5 stars","-2"
"97",9,"Jake Ferguson",DAL,"TE10","7","2 out of 5 stars","-10"
"98",9,"Christian Watson",GB,"WR44","10","4 out of 5 stars","-16"
"99",9,"Tyler Lockett",SEA,"WR45","10","3 out of 5 stars","+20"
"100",9,"Jaxon Smith-Njigba",SEA,"WR46","10","3 out of 5 stars","-9"
"101",9,"Nick Chubb",CLE,"RB32","10","4 out of 5 stars","+17"
"102",9,"Tua Tagovailoa",MIA,"QB14","6","2 out of 5 stars","+6"
"103",9,"Javonte Williams",DEN,"RB33","14","4 out of 5 stars","-6"
"104",9,"Jared Goff",DET,"QB15","5","4 out of 5 stars","+2"
"105",9,"Tyjae Spears",TEN,"RB34","5","3 out of 5 stars","0"
"106",9,"Rome Odunze",CHI,"WR47","7","4 out of 5 stars","-11"
"107",9,"Brian Thomas Jr.",JAC,"WR48","12","4 out of 5 stars","-4"
"108",9,"Brock Bowers",LV,"TE11","10","4 out of 5 stars","-4"
"109",9,"Austin Ekeler",WAS,"RB35","14","3 out of 5 stars","-10"
"110",9,"Dallas Goedert",PHI,"TE12","5","4 out of 5 stars","+2"
"111",9,"Trevor Lawrence",JAC,"QB16","12","5 out of 5 stars","-1"
"112",9,"Ezekiel Elliott",DAL,"RB36","7","3 out of 5 stars","+8"
"113",9,"Justin Herbert",LAC,"QB17","5","2 out of 5 stars","+1"
"114",9,"Jakobi Meyers",LV,"WR49","10","3 out of 5 stars","+7"
"115",9,"Keon Coleman",BUF,"WR50","12","2 out of 5 stars","-14"
"116",9,"Mike Williams",NYJ,"WR51","12","4 out of 5 stars","+19"
"117",9,"Gus Edwards",LAC,"RB37","5","4 out of 5 stars","+6"
"118",9,"Kirk Cousins",ATL,"QB18","12","3 out of 5 stars","+7"
"119",10,"Chase Brown",CIN,"RB38","12","3 out of 5 stars","-2"
"120",10,"Matthew Stafford",LAR,"QB19","6","4 out of 5 stars","+10"
"121",10,"Dalton Schultz",HOU,"TE13","14","2 out of 5 stars","+6"
"122",10,"Trey Benson",ARI,"RB39","11","2 out of 5 stars","-11"
"123",10,"Brandin Cooks",DAL,"WR52","7","3 out of 5 stars","+11"
"124",10,"Rashid Shaheed",NO,"WR53","12","3 out of 5 stars","+8"
"125",10,"Jameson Williams",DET,"WR54","5","4 out of 5 stars","-18"
"126",10,"Joshua Palmer",LAC,"WR55","5","3 out of 5 stars","0"
"127",10,"Pat Freiermuth",PIT,"TE14","9","3 out of 5 stars","+2"
"128",10,"Jerome Ford",CLE,"RB40","10","4 out of 5 stars","-13"
"129",10,"Blake Corum",LAR,"RB41","6","3 out of 5 stars","-13"
"130",10,"Curtis Samuel",BUF,"WR56","12","2 out of 5 stars","-17"
"131",10,"Zach Charbonnet",SEA,"RB42","10","4 out of 5 stars","-3"
"132",10,"Josh Downs",IND,"WR57","14","4 out of 5 stars","+14"
"133",10,"Rico Dowdle",DAL,"RB43","7","3 out of 5 stars","+11"
"134",10,"Romeo Doubs",GB,"WR58","10","4 out of 5 stars","-10"
"135",10,"Cole Kmet",CHI,"TE15","7","3 out of 5 stars","+2"
"136",10,"Chuba Hubbard",CAR,"RB44","11","4 out of 5 stars","+16"
"137",10,"T.J. Hockenson",MIN,"TE16","6","2 out of 5 stars","-6"
"138",10,"Ty Chandler",MIN,"RB45","6","3 out of 5 stars","+2"
"139",10,"Baker Mayfield",TB,"QB20","11","2 out of 5 stars","+3"
"140",10,"Deshaun Watson",CLE,"QB21","10","4 out of 5 stars","-2"
"141",10,"Aaron Rodgers",NYJ,"QB22","12","2 out of 5 stars","-2"
"142",10,"Khalil Shakir",BUF,"WR59","12","2 out of 5 stars","-20"
"143",10,"Jerry Jeudy",CLE,"WR60","10","3 out of 5 stars","-10"
"144",10,"Antonio Gibson",NE,"RB46","14","2 out of 5 stars","+9"
"145",10,"Hunter Henry",NE,"TE17","14","3 out of 5 stars","+19"
"146",10,"Geno Smith",SEA,"QB23","10","3 out of 5 stars","+9"
"147",10,"Adam Thielen",CAR,"WR61","11","5 out of 5 stars","+12"
"148",10,"MarShawn Lloyd",GB,"RB47","10","1 out of 5 stars","-3"
"149",10,"Luke Musgrave",GB,"TE18","10","3 out of 5 stars","0"
"150",10,"Khalil Herbert",CHI,"RB48","7","2 out of 5 stars","+39"
"151",11,"Gabe Davis",JAC,"WR62","12","4 out of 5 stars","-8"
"152",11,"Kendre Miller",NO,"RB49","12","5 out of 5 stars","-16"
"153",11,"Jahan Dotson",WAS,"WR63","14","3 out of 5 stars","-12"
"154",11,"Tyler Allgeier",ATL,"RB50","12","4 out of 5 stars","+9"
"155",11,"Jaleel McLaughlin",DEN,"RB51","14","4 out of 5 stars","-1"
"156",11,"DeMario Douglas",NE,"WR64","14","3 out of 5 stars","+12"
"157",11,"Adonai Mitchell",IND,"WR65","14","4 out of 5 stars","0"
"158",11,"Jaylen Wright",MIA,"RB52","6","3 out of 5 stars","-7"
"159",11,"Ja'Lynn Polk",NE,"WR66","14","3 out of 5 stars","+11"
"160",11,"Derek Carr",NO,"QB24","12","4 out of 5 stars","+9"
"161",11,"Michael Wilson",ARI,"WR67","11","3 out of 5 stars","0"
"162",11,"Will Levis",TEN,"QB25","5","5 out of 5 stars","-4"
"163",11,"J.K. Dobbins",LAC,"RB53","5","4 out of 5 stars","-7"
"164",11,"Taysom Hill",NO,"TE19","12","4 out of 5 stars","-16"
"165",11,"Demarcus Robinson",LAR,"WR68","6","3 out of 5 stars","+27"
"166",11,"Dontayvion Wicks",GB,"WR69","10","4 out of 5 stars","-16"
"167",11,"Cade Otton",TB,"TE20","11","3 out of 5 stars","+4"
"168",11,"Xavier Legette",CAR,"WR70","11","5 out of 5 stars","-2"
"169",11,"Wan'Dale Robinson",NYG,"WR71","11","3 out of 5 stars","+6"
"170",11,"Roschon Johnson",CHI,"RB54","7","2 out of 5 stars","+6"
"171",11,"Jermaine Burton",CIN,"WR72","12","2 out of 5 stars","+9"
"172",11,"Marvin Mims Jr.",DEN,"WR73","14","2 out of 5 stars","+15"
"173",11,"Quentin Johnston",LAC,"WR74","5","3 out of 5 stars","-13"
"174",11,"Daniel Jones",NYG,"QB26","11","2 out of 5 stars","+3"
"175",11,"Tyler Conklin",NYJ,"TE21","12","3 out of 5 stars","-8"
"176",11,"Darnell Mooney",ATL,"WR75","12","4 out of 5 stars","-14"
"177",11,"Rashod Bateman",BAL,"WR76","14","3 out of 5 stars","+14"
"178",11,"Chigoziem Okonkwo",TEN,"TE22","5","4 out of 5 stars","0"
"179",11,"Bucky Irving",TB,"RB55","11","5 out of 5 stars","-7"
"180",11,"Bryce Young",CAR,"QB27","11","5 out of 5 stars","-7"
"181",11,"Elijah Mitchell",SF,"RB56","9","2 out of 5 stars","+1"
"182",11,"Juwan Johnson",NO,"TE23","12","4 out of 5 stars","+18"
"183",11,"Ray Davis",BUF,"RB57","12","2 out of 5 stars","-18"
"184",11,"Ricky Pearsall",SF,"WR77","9","2 out of 5 stars","-5"
"185",11,"Roman Wilson",PIT,"WR78","9","1 out of 5 stars","+5"
"186",11,"Russell Wilson",PIT,"QB28","9","2 out of 5 stars","+2"
"187",12,"Noah Fant",SEA,"TE24","10","3 out of 5 stars","-2"
"188",12,"Ben Sinnott",WAS,"TE25","14","2 out of 5 stars","+13"
"189",12,"Braelon Allen",NYJ,"RB58","12","2 out of 5 stars","-5"
"190",12,"Kimani Vidal",LAC,"RB59","5","4 out of 5 stars","-43"
"191",12,"Bo Nix",DEN,"QB29","14","2 out of 5 stars","+3"
"192",12,"Javon Baker",NE,"WR79","14","3 out of 5 stars","+41"
"193",12,"Troy Franklin",DEN,"WR80","14","2 out of 5 stars","-19"
"194",12,"Elijah Moore",CLE,"WR81","10","3 out of 5 stars","+34"
"195",12,"Jonnu Smith",MIA,"TE26","6","2 out of 5 stars","-9"
"196",12,"Clyde Edwards-Helaire",KC,"RB60","6","3 out of 5 stars","+6"
"197",12,"Dameon Pierce",HOU,"RB61","14","3 out of 5 stars","-1"
"198",12,"Zay Jones",ARI,"WR82","11","3 out of 5 stars","+31"
"199",12,"D'Onta Foreman",CLE,"RB62","10","4 out of 5 stars","-4"
"200",12,"Isaiah Likely",BAL,"TE27","14","3 out of 5 stars","-17"
"201",12,"Drake Maye",NE,"QB30","14","3 out of 5 stars","-4"
"202",12,"Tyrone Tracy Jr.",NYG,"RB63","11","3 out of 5 stars","-21"
"203",12,"Alexander Mattison",LV,"RB64","10","3 out of 5 stars","+5"
"204",12,"Keaton Mitchell",BAL,"RB65","14","3 out of 5 stars","+5"
"205",12,"Jalen McMillan",TB,"WR83","11","3 out of 5 stars","+25"
"206",12,"Kenneth Gainwell",PHI,"RB66","5","4 out of 5 stars","+18"
"207",12,"Jalin Hyatt",NYG,"WR84","11","3 out of 5 stars","+6"
"208",12,"Tucker Kraft",GB,"TE28","10","3 out of 5 stars","+29"
"209",12,"Audric Estime",DEN,"RB67","14","4 out of 5 stars","-11"
"210",12,"Baltimore Ravens",BAL,"DST1","14","2 out of 5 stars","+26"
"211",12,"J.J. McCarthy",MIN,"QB31","6","5 out of 5 stars","-18"
"212",12,"AJ Dillon",GB,"RB68","10","1 out of 5 stars","+23"
"213",12,"Darius Slayton",NYG,"WR85","11","3 out of 5 stars","+1"
"214",12,"San Francisco 49ers",SF,"DST2","9","1 out of 5 stars","+26"
"215",12,"Dallas Cowboys",DAL,"DST3","7","4 out of 5 stars","+24"
"216",12,"Miles Sanders",CAR,"RB69","11","4 out of 5 stars","+36"
"217",12,"Jelani Woods",IND,"TE29","14","3 out of 5 stars","-2"
"218",12,"New York Jets",NYJ,"DST4","12","1 out of 5 stars","+26"
"219",12,"Malachi Corley",NYJ,"WR86","12","4 out of 5 stars","-16"
"220",13,"Treylon Burks",TEN,"WR87","5","4 out of 5 stars","+84"
"221",13,"Kendrick Bourne",NE,"WR88","14","3 out of 5 stars","+13"
"222",13,"Cleveland Browns",CLE,"DST5","10","2 out of 5 stars","+26"
"223",13,"Justin Tucker",BAL,"K1","14","2 out of 5 stars","-"
"224",13,"Miami Dolphins",MIA,"DST6","6","2 out of 5 stars","+31"
"225",13,"Michael Mayer",LV,"TE30","10","4 out of 5 stars","-5"
"226",13,"Brandon Aubrey",DAL,"K2","7","2 out of 5 stars","-"
"227",13,"Tyler Boyd",TEN,"WR89","5","4 out of 5 stars","-21"
"228",13,"Buffalo Bills",BUF,"DST7","12","2 out of 5 stars","+26"
"229",13,"Odell Beckham Jr.",MIA,"WR90","6","2 out of 5 stars","-7"
"230",13,"Kansas City Chiefs",KC,"DST8","6","2 out of 5 stars","+23"
"231",13,"Philadelphia Eagles",PHI,"DST9","5","3 out of 5 stars","+28"
"232",13,"Pittsburgh Steelers",PIT,"DST10","9","4 out of 5 stars","+18"
"233",13,"Jason Sanders",MIA,"K3","6","2 out of 5 stars","-"
"234",13,"Chicago Bears",CHI,"DST11","7","3 out of 5 stars","+29"
"235",13,"Mike Gesicki",CIN,"TE31","12","3 out of 5 stars","-31"
"236",13,"Harrison Butker",KC,"K4","6","2 out of 5 stars","-"
"237",13,"New Orleans Saints",NO,"DST12","12","5 out of 5 stars","+30"
"238",13,"Jake Elliott",PHI,"K5","5","2 out of 5 stars","-"
"239",13,"A.T. Perry",NO,"WR91","12","3 out of 5 stars","-8"
"240",13,"Jake Moody",SF,"K6","9","1 out of 5 stars","-"
"241",13,"Luke McCaffrey",WAS,"WR92","14","3 out of 5 stars","-36"
"242",13,"Minnesota Vikings",MIN,"DST13","6","3 out of 5 stars","+38"
"243",13,"Gerald Everett",CHI,"TE32","7","3 out of 5 stars","+84"
"244",13,"Tyler Bass",BUF,"K7","12","5 out of 5 stars","-"
"245",13,"Ka'imi Fairbairn",HOU,"K8","14","2 out of 5 stars","-"
"246",13,"Rondale Moore",ATL,"WR93","12","4 out of 5 stars","-8"
"247",13,"Houston Texans",HOU,"DST14","14","2 out of 5 stars","+10"
"248",13,"Younghoe Koo",ATL,"K9","12","0 out of 5 stars","-"
"249",13,"Devontez Walker",BAL,"WR94","14","3 out of 5 stars","-39"
"250",13,"Jonathan Mingo",CAR,"WR95","11","5 out of 5 stars","+47"
"251",13,"Evan McPherson",CIN,"K10","12","0 out of 5 stars","-"
"252",13,"Jamaal Williams",NO,"RB70","12","5 out of 5 stars","+34"
"253",13,"Jalen Tolbert",DAL,"WR96","7","3 out of 5 stars","-27"
"254",13,"Justice Hill",BAL,"RB71","14","3 out of 5 stars","+6"
"255",13,"DJ Chark Jr.",LAC,"WR97","5","3 out of 5 stars","-13"
"256",13,"Colby Parkinson",LAR,"TE33","6","3 out of 5 stars","-33"
"257",13,"Dustin Hopkins",CLE,"K11","10","2 out of 5 stars","-"
"258",13,"Samaje Perine",DEN,"RB72","14","4 out of 5 stars","-41"
"259",13,"Matt Gay",IND,"K12","14","5 out of 5 stars","-"
"260",13,"Alec Pierce",IND,"WR98","14","4 out of 5 stars","+78"
"261",13,"Cameron Dicker",LAC,"K13","5","3 out of 5 stars","-"
"262",13,"Tank Bigsby",JAC,"RB73","12","2 out of 5 stars","-51"
"263",13,"Tyler Higbee",LAR,"TE34","6","3 out of 5 stars","+12"
"264",13,"Ja'Tavion Sanders",CAR,"TE35","11","3 out of 5 stars","-46"
"265",13,"Josh Reynolds",DEN,"WR99","14","2 out of 5 stars","+22"
"266",13,"Zach Ertz",WAS,"TE36","14","2 out of 5 stars","-45"
"267",13,"Andrei Iosivas",CIN,"WR100","12","2 out of 5 stars","+25"
"268",13,"Trey Palmer",TB,"WR101","11","3 out of 5 stars","+47"
"269",14,"Cairo Santos",CHI,"K14","7","5 out of 5 stars","-"
"270",14,"Cedric Tillman",CLE,"WR102","10","3 out of 5 stars","+3"
"271",14,"Michael Gallup",LV,"WR103","10","3 out of 5 stars","-"
"272",14,"Dawson Knox",BUF,"TE37","12","2 out of 5 stars","-21"
"273",14,"Dylan Laube",LV,"RB74","10","3 out of 5 stars","-30"
"274",14,"Theo Johnson",NYG,"TE38","11","4 out of 5 stars","-10"
"275",14,"Trey Sermon",IND,"RB75","14","2 out of 5 stars","-29"
"276",14,"Denver Broncos",DEN,"DST15","14","3 out of 5 stars","+24"
"277",14,"Indianapolis Colts",IND,"DST16","14","4 out of 5 stars","-15"
"278",14,"Gardner Minshew II",LV,"QB32","10","2 out of 5 stars","-71"
"279",14,"Jason Myers",SEA,"K15","10","5 out of 5 stars","-"
"280",14,"Tutu Atwell",LAR,"WR104","6","3 out of 5 stars","+28"
"281",14,"Cincinnati Bengals",CIN,"DST17","12","5 out of 5 stars","0"
"282",14,"Noah Brown",HOU,"WR105","14","3 out of 5 stars","+19"
"283",14,"Greg Dulcich",DEN,"TE39","14","2 out of 5 stars","-36"
"284",14,"Justin Fields",PIT,"QB33","9","2 out of 5 stars","-85"
"285",14,"Robert Woods",HOU,"WR106","14","3 out of 5 stars","-"
"286",14,"Isaac Guerendo",SF,"RB76","9","2 out of 5 stars","-54"
"287",14,"Will Shipley",PHI,"RB77","5","4 out of 5 stars","-71"
"288",14,"Detroit Lions",DET,"DST18","5","0 out of 5 stars","-18"
"289",14,"K.J. Osborn",NE,"WR107","14","3 out of 5 stars","-24"
"290",14,"Daniel Carlson",LV,"K16","10","2 out of 5 stars","-"
"291",14,"Kadarius Toney",KC,"WR108","6","3 out of 5 stars","+19"
"292",14,"Greg Dortch",ARI,"WR109","11","3 out of 5 stars","-65"
"293",14,"Kalif Raymond",DET,"WR110","5","4 out of 5 stars","-22"
"294",14,"Jacob Cowing",SF,"WR111","9","2 out of 5 stars","-"
"295",14,"Blake Grupe",NO,"K17","12","4 out of 5 stars","-"
"296",14,"Evan Hull",IND,"RB78","14","2 out of 5 stars","+7"
"297",14,"Ronnie Rivers",LAR,"RB79","6","3 out of 5 stars","-"
"298",14,"Jacksonville Jaguars",JAC,"DST19","12","4 out of 5 stars","-22"
"299",14,"Sam Darnold",MIN,"QB34","6","5 out of 5 stars","-87"
"300",14,"Daniel Bellinger",NYG,"TE40","11","4 out of 5 stars","-55"
"301",14,"Michael Carter",ARI,"RB80","11","2 out of 5 stars","-"
"302",14,"Jacoby Brissett",NE,"QB35","14","3 out of 5 stars","-61"
"303",14,"New England Patriots",NE,"DST20","14","2 out of 5 stars","-25"
"304",14,"Nelson Agholor",BAL,"WR112","14","3 out of 5 stars","-"
"305",14,"Deuce Vaughn",DAL,"RB81","7","3 out of 5 stars","+11"
"306",14,"JuJu Smith-Schuster",NE,"WR113","14","3 out of 5 stars","-"
"307",14,"Greg Zuerlein",NYJ,"K18","12","4 out of 5 stars","-"
"308",14,"Jordan Mason",SF,"RB82","9","2 out of 5 stars","-"
"309",14,"Israel Abanikanda",NYJ,"RB83","12","2 out of 5 stars","-"
"310",14,"Green Bay Packers",GB,"DST21","10","1 out of 5 stars","-42"
"311",14,"Kareem Hunt",FA,"RB84","-","-","-50"
"312",14,"Jeff Wilson Jr.",MIA,"RB85","6","3 out of 5 stars","-"
"313",14,"Eric Gray",NYG,"RB86","11","3 out of 5 stars","-64"
"314",14,"Allen Lazard",NYJ,"WR114","12","4 out of 5 stars","-32"
"315",14,"Tyler Scott",CHI,"WR115","7","4 out of 5 stars","+4"
"316",14,"Michael Thomas",FA,"WR116","-","-","+8"
"317",14,"D'Ernest Johnson",JAC,"RB87","12","2 out of 5 stars","-29"
"318",14,"Pierre Strong Jr.",CLE,"RB88","10","4 out of 5 stars","-"
"319",14,"Aidan O'Connell",LV,"QB36","10","2 out of 5 stars","-100"
"320",14,"Cordarrelle Patterson",PIT,"RB89","9","4 out of 5 stars","+6"
"321",15,"Tre Tucker",LV,"WR117","10","3 out of 5 stars","-44"
"322",15,"Las Vegas Raiders",LV,"DST22","10","3 out of 5 stars","-56"
"323",15,"Hayden Hurst",LAC,"TE41","5","3 out of 5 stars","-98"
"324",15,"Emari Demercado",ARI,"RB90","11","2 out of 5 stars","-"
"325",15,"Skyy Moore",KC,"WR118","6","3 out of 5 stars","-"
"326",15,"Calvin Austin III",PIT,"WR119","9","1 out of 5 stars","-70"
"327",15,"Wil Lutz",DEN,"K19","14","2 out of 5 stars","-"
"328",15,"Kylen Granson",IND,"TE42","14","3 out of 5 stars","-"
"329",15,"Michael Badgley",DET,"K20","5","2 out of 5 stars","-"
"330",15,"Jerick McKinnon",FA,"RB91","-","-","+19"
"331",15,"Donald Parham Jr.",LAC,"TE43","5","3 out of 5 stars","-52"
"332",15,"Cam Akers",MIN,"RB92","6","3 out of 5 stars","-"
"333",15,"Tanner Hudson",CIN,"TE44","12","3 out of 5 stars","-"
"334",15,"Chase Edmonds",TB,"RB93","11","5 out of 5 stars","-"
"335",15,"Chris Rodriguez Jr.",WAS,"RB94","14","3 out of 5 stars","-"
"336",15,"Brenden Rice",LAC,"WR120","5","3 out of 5 stars","-34"
"337",15,"New York Giants",NYG,"DST23","11","3 out of 5 stars","-46"
"338",15,"John Metchie III",HOU,"WR121","14","3 out of 5 stars","-29"
"339",15,"Brandon Powell",MIN,"WR122","6","3 out of 5 stars","+9"
"340",15,"Marquez Valdes-Scantling",BUF,"WR123","12","2 out of 5 stars","-29"
"341",15,"Ainias Smith",PHI,"WR124","5","2 out of 5 stars","-"
"342",15,"Los Angeles Chargers",LAC,"DST24","5","5 out of 5 stars","-53"
"343",15,"Sam Howell",SEA,"QB37","10","3 out of 5 stars","-23"
"344",15,"Jawhar Jordan",HOU,"RB95","14","3 out of 5 stars","-39"
"345",15,"Noah Gray",KC,"TE45","6","3 out of 5 stars","-5"
"346",15,"Isaiah Spiller",LAC,"RB96","5","4 out of 5 stars","-"
"347",15,"Los Angeles Rams",LAR,"DST25","6","2 out of 5 stars","-24"
"348",15,"Donovan Peoples-Jones",DET,"WR125","5","4 out of 5 stars","-5"
"349",15,"Justin Watson",KC,"WR126","6","3 out of 5 stars","-"
"350",15,"Tim Patrick",DEN,"WR127","14","2 out of 5 stars","-20"
"351",15,"Hunter Renfrow",FA,"WR128","-","-","-5"
"352",15,"Brevin Jordan",HOU,"TE46","14","2 out of 5 stars","-"
"353",15,"Joe Flacco",IND,"QB38","14","5 out of 5 stars","-59"
"354",15,"Cedrick Wilson Jr.",NO,"WR129","12","3 out of 5 stars","-"
"355",15,"Tampa Bay Buccaneers",TB,"DST26","11","4 out of 5 stars","-83"
"356",15,"Rashaad Penny",CAR,"RB97","11","4 out of 5 stars","-23"
"357",15,"Parris Campbell",PHI,"WR130","5","2 out of 5 stars","-"
"358",15,"Michael Penix Jr.",ATL,"QB39","12","3 out of 5 stars","-100"
"359",15,"Joshua Kelley",FA,"RB98","-","-","-"
"360",15,"Carolina Panthers",CAR,"DST27","11","4 out of 5 stars","-18"
"361",15,"Johnny Wilson",PHI,"WR131","5","2 out of 5 stars","-48"
"362",15,"Xavier Gipson",NYJ,"WR132","12","4 out of 5 stars","-79"
"363",15,"Chris Boswell",PIT,"K21","9","4 out of 5 stars","-"
"364",15,"Jaheim Bell",NE,"TE47","14","3 out of 5 stars","-"
"365",15,"Jauan Jennings",SF,"WR133","9","2 out of 5 stars","-96"
"366",15,"Salvon Ahmed",MIA,"RB99","6","3 out of 5 stars","-"
"367",15,"Matt Prater",ARI,"K22","11","2 out of 5 stars","-"
"368",15,"Will Dissly",LAC,"TE48","5","3 out of 5 stars","-51"
"369",15,"Drew Lock",NYG,"QB40","11","2 out of 5 stars","-48"
"370",15,"Greg Joseph",GB,"K23","10","5 out of 5 stars","-"
"371",15,"KaVontae Turpin",DAL,"WR134","7","3 out of 5 stars","-"
"372",15,"Parker Washington",JAC,"WR135","12","4 out of 5 stars","-"
"373",15,"Austin Hooper",NE,"TE49","14","3 out of 5 stars","-"
"374",15,"Jeremy Ruckert",NYJ,"TE50","12","3 out of 5 stars","-"
"375",16,"Logan Thomas",SF,"TE51","9","4 out of 5 stars","-47"
"376",16,"Xavier Hutchinson",HOU,"WR136","14","3 out of 5 stars","-"
"377",16,"Trenton Irwin",CIN,"WR137","12","2 out of 5 stars","-"
"378",16,"Rasheen Ali",BAL,"RB100","14","3 out of 5 stars","-83"
"379",16,"Jarrett Stidham",DEN,"QB41","14","2 out of 5 stars","-"
"380",16,"Adam Trautman",DEN,"TE52","14","2 out of 5 stars","-"
"381",16,"Royce Freeman",DAL,"RB101","7","3 out of 5 stars","-"
"382",16,"Keaontay Ingram",KC,"RB102","6","3 out of 5 stars","-"
"383",16,"Erick All Jr.",CIN,"TE53","12","3 out of 5 stars","-47"
"384",16,"Cole Turner",WAS,"TE54","14","2 out of 5 stars","-"
"385",16,"Sean Tucker",TB,"RB103","11","5 out of 5 stars","-"
"386",16,"Bo Melton",GB,"WR138","10","4 out of 5 stars","-88"
"387",16,"Cade Stover",HOU,"TE55","14","2 out of 5 stars","-37"
"388",16,"Craig Reynolds",DET,"RB104","5","3 out of 5 stars","-"
"389",16,"Kenny Pickett",PHI,"QB42","5","2 out of 5 stars","-52"
"390",16,"Latavius Murray",FA,"RB105","-","-","-"
"391",16,"Matt Breida",FA,"RB106","-","-","-"
"392",16,"Chase Claypool",BUF,"WR139","12","2 out of 5 stars","-107"
"393",16,"Jake Browning",CIN,"QB43","12","2 out of 5 stars","-"
"394",16,"Dalvin Cook",FA,"RB107","-","-","-110"
"395",16,"Davis Allen",LAR,"TE56","6","3 out of 5 stars","-73"
"396",16,"Jameis Winston",CLE,"QB44","10","4 out of 5 stars","-55"
"397",16,"Nick Westbrook-Ikhine",TEN,"WR140","5","4 out of 5 stars","-"
"398",16,"Zach Wilson",DEN,"QB45","14","2 out of 5 stars","-"
"399",16,"Will Mallory",IND,"TE57","14","3 out of 5 stars","-"
"400",16,"Tommy Tremble",CAR,"TE58","11","3 out of 5 stars","-93"
"401",16,"Van Jefferson",PIT,"WR141","9","1 out of 5 stars","-111"