Player Name,Position,Receiving Yards,Receiving TDs,Rushing Yards,Rushing TDs,Passing Yards,Passing TDs,Yards Per Rec,Rec,Fantasy Points
Josh Allen,QB,,,500.5,10.5,3775.5,27.5,,0.0,374.07000000000005
Lamar Jackson,QB,,,750.5,3.5,3475.5,28.5,,0.0,349.07
Jalen Hurts,QB,,,600.5,12.5,3175.5,19.5,,0.0,340.07
Jayden Daniels,QB,,,675.5,5.5,3425.5,24.5,,0.0,335.57
Joe Burrow,QB,,,,,4225.5,33.5,,0.0,303.02
Kyler Murray,QB,,,475.5,4.5,3375.5,20.5,,0.0,291.57000000000005
Caleb Williams,QB,,,400.5,,3625.5,22.5,,0.0,275.07000000000005
Baker Mayfield,QB,,,,,3825.5,30.5,,0.0,275.02
Patrick Mahomes,QB,,,,,4000.5,27.5,,0.0,270.02
Jared Goff,QB,,,,,3875.5,28.5,,0.0,269.02
Justin Fields,QB,,,650.5,6.5,2600.5,14.5,,0.0,266.07
Dak Prescott,QB,,,,,3875.5,26.5,,0.0,261.02
Brock Purdy,QB,,,,,3850.5,24.5,,0.0,252.02
Saquon Barkley,RB,275.5,,1400.5,10.5,,,8.4,32.797619047619044,246.99880952380954
Ja'Marr Chase,WR,1325.5,10.5,,,,,13.4,98.91791044776119,245.0089552238806
Jordan Love,QB,,,,,3550.5,25.5,,0.0,244.02
Bijan Robinson,RB,350.5,,1200.5,10.5,,,7.1,49.36619718309859,242.78309859154933
J.J. McCarthy,QB,,,,,3575.5,24.5,,0.0,241.02
Trevor Lawrence,QB,,,,,3750.5,22.5,,0.0,240.02
Bo Nix,QB,,,,,3500.5,24.5,,0.0,238.02
C.J. Stroud,QB,,,,,3800.5,21.5,,0.0,238.02
Justin Herbert,QB,,,,,3650.5,22.5,,0.0,236.02
Jahmyr Gibbs,RB,425.5,,1075.5,10.5,,,9.9,42.97979797979798,234.58989898989898
Tua Tagovailoa,QB,,,,,3425.5,22.5,,0.0,227.02
Geno Smith,QB,,,,,3600.5,20.5,,0.0,226.02
Aaron Rodgers,QB,,,,,3200.5,22.5,,0.0,218.02
Sam Darnold,QB,,,,,3350.5,20.5,,0.0,216.02
Drake Maye,QB,,,,,3275.5,20.5,,0.0,213.02
CeeDee Lamb,WR,1175.5,7.5,,,,,11.8,99.61864406779661,212.3593220338983
Malik Nabers,WR,1150.5,7.5,,,,,11,104.5909090909091,212.34545454545457
Michael Penix Jr.,QB,,,,,3400.5,18.5,,0.0,210.02
Derrick Henry,RB,,,1325.5,12.5,,,,0.0,207.55
Amon-Ra St. Brown,WR,1075.5,8.5,,,,,11,97.77272727272727,207.43636363636364
Christian McCaffrey,RB,425.5,,950.5,7.5,,,9.7,43.8659793814433,204.53298969072165
Bryce Young,QB,,,,,3200.5,18.5,,0.0,202.02
Cameron Ward,QB,,,,,3200.5,18.5,,0.0,202.02
Drake London,WR,1125.5,7.5,,,,,12.7,88.62204724409449,201.86102362204724
Puka Nacua,WR,1200.5,5.5,,,,,12.5,96.04,201.07000000000002
Brian Thomas Jr.,WR,1150.5,7.5,,,,,14.7,78.26530612244899,199.1826530612245
Nico Collins,WR,1150.5,6.5,,,,,14.8,77.73648648648648,192.91824324324324
A.J. Brown,WR,1125.5,7.5,,,,,16.1,69.90683229813664,192.50341614906833
D.J. Moore,WR,975.5,6.5,,,,,9.9,98.53535353535354,185.81767676767677
Tyreek Hill,WR,975.5,7.5,,,,,11.8,82.66949152542372,183.88474576271187
Brock Bowers,TE,1025.5,5.5,,,,,10.7,95.84112149532712,183.47056074766357
Tee Higgins,WR,975.5,7.5,,,,,12.5,78.04,181.57000000000002
Ladd McConkey,WR,1050.5,6.5,,,,,14,75.03571428571429,181.56785714285715
Mike Evans,WR,950.5,7.5,,,,,13.6,69.88970588235294,174.99485294117648
Davante Adams,WR,925.5,7.5,,,,,12.5,74.04,174.57000000000002
Jonathan Taylor,RB,,,1175.5,9.5,,,,0.0,174.55
Jaxon Smith-Njigba,WR,975.5,5.5,,,,,11.3,86.32743362831857,173.71371681415928
Marvin Harrison Jr.,WR,975.5,6.5,,,,,14.3,68.21678321678321,170.6583916083916
Josh Jacobs,RB,,,1050.5,10.5,,,9.5,0.0,168.05
Xavier Worthy,WR,875.5,6.5,,,,,10.8,81.06481481481481,167.0824074074074
Garrett Wilson,WR,950.5,4.5,,,,,10.9,87.20183486238531,165.65091743119268
Kyren Williams,RB,,,1000.5,10.5,,,5.4,0.0,163.05
Courtland Sutton,WR,900.5,6.5,,,,,13.3,67.70676691729322,162.90338345864663
D.K. Metcalf,WR,925.5,6.5,,,,,15,61.7,162.4
Jaylen Waddle,WR,925.5,5.5,,,,,12.8,72.3046875,161.70234375
Trey McBride,TE,900.5,4.5,,,,,10.3,87.42718446601941,160.76359223300972
George Kittle,TE,900.5,6.5,,,,,14.2,63.41549295774648,160.75774647887326
Calvin Ridley,WR,925.5,5.5,,,,,15.9,58.20754716981132,154.65377358490568
DeVonta Smith,WR,850.5,5.5,,,,,12.3,69.14634146341463,152.62317073170732
Ashton Jeanty,RB,,,1075.5,7.5,,,,0.0,152.55
George Pickens,WR,900.5,5.5,,,,,15.3,58.8562091503268,152.4781045751634
Rome Odunze,WR,850.5,5.5,,,,,13.6,62.536764705882355,149.3183823529412
Jameson Williams,WR,900.5,5.5,,,,,17.3,52.05202312138728,149.07601156069364
Zay Flowers,WR,900.5,4.5,,,,,14.3,62.972027972027966,148.53601398601398
Tetairoa McMillan,,825.5,4.5,,,,,,74.18913460567505,146.64456730283754
James Cook,RB,,,950.5,8.5,,,8.1,0.0,146.05
Bucky Irving,RB,,,1000.5,7.5,,,8.3,0.0,145.05
Stefon Diggs,WR,750.5,4.5,,,,,10.6,70.80188679245283,137.45094339622642
Travis Hunter,WR,750.5,4.5,,,,,,67.44875290316065,135.77437645158034
James Conner,RB,,,900.5,7.5,,,8.8,0.0,135.05
Sam LaPorta,TE,675.5,6.5,,,,,12.1,55.82644628099174,134.46322314049587
Travis Kelce,TE,675.5,4.5,,,,,8.5,79.47058823529412,134.28529411764706
Chuba Hubbard,RB,,,950.5,6.5,,,4,0.0,134.05
De'Von Achane,RB,,,875.5,7.5,,,7.6,0.0,132.55
Cooper Kupp,WR,675.5,5.5,,,,,10.6,63.72641509433962,132.4132075471698
Kenneth Walker III,RB,,,850.5,6.5,,,6.5,0.0,124.05000000000001
David Montgomery,RB,,,725.5,8.5,,,9.5,0.0,123.55
Tony Pollard,RB,,,900.5,5.5,,,5.8,0.0,123.05000000000001
Jerry Jeudy,WR,900.5,,,,,,13.7,65.72992700729927,122.91496350364964
Breece Hall,RB,,,875.5,5.5,,,8.5,0.0,120.55000000000001
Chase Brown,RB,,,875.5,5.5,,,6.7,0.0,120.55000000000001
Jakobi Meyers,WR,825.5,,,,,,11.8,69.95762711864407,117.52881355932205
Mark Andrews,TE,575.5,5.5,,,,,12.2,47.17213114754099,114.13606557377051
D'Andre Swift,RB,,,800.5,5.5,,,9.2,0.0,113.05000000000001
Brian Robinson Jr.,RB,,,700.5,6.5,,,,0.0,109.05
Alvin Kamara,RB,,,775.5,4.5,,,8,0.0,104.55000000000001
Deebo Samuel,WR,700.5,,,,,,13.1,53.47328244274809,96.78664122137404
Emeka Egbuka,WR,650.5,,,,,,,58.46157729980814,94.28078864990407
Kyle Pitts,TE,525.5,3.5,,,,,12.8,41.0546875,94.07734375000001
Aaron Jones,RB,,,725.5,3.5,,,8,0.0,93.55
Jake Ferguson,TE,550.5,,,,,,8.4,65.53571428571428,87.81785714285715
Dalton Kincaid,TE,575.5,,,,,,10.2,56.42156862745099,85.7607843137255
Tucker Kraft,TE,625.5,,,,,,14.1,44.361702127659576,84.73085106382979
Colston Loveland,,550.5,,,,,,,49.47440169645562,79.78720084822781
Rashod Bateman,WR,550.5,,,,,,16.8,32.76785714285714,71.43392857142857
TreVeyon Henderson,RB,,,700.5,,,,,0.0,70.05
,,,,,,,,,0.0,0.0
A.J. Dillon,RB,,,,,,,,0.0,0.0
A.T. Perry,WR,,,,,,,,0.0,0.0
AJ Barner,TE,,,,,,,,0.0,0.0
Adam Thielen,WR,,,,,,,12.8,0.0,0.0
Adam Trautman,TE,,,,,,,,0.0,0.0
Adonai Mitchell,WR,,,,,,,,0.0,0.0
Adrian Martinez,QB,,,,,,,,0.0,0.0
Aidan O'Connell,QB,,,,,,,,0.0,0.0
Ainias Smith,WR,,,,,,,,0.0,0.0
Ajou Ajou,WR,,,,,,,,0.0,0.0
Albert Okwuegbunam Jr.,TE,,,,,,,,0.0,0.0
Alec Pierce,WR,,,,,,,22.3,0.0,0.0
Alex Bachman,WR,,,,,,,,0.0,0.0
Alexander Mattison,RB,,,,,,,8.2,0.0,0.0
Allen Lazard,WR,,,,,,,14.3,0.0,0.0
Amari Cooper,,,,,,,,12.4,0.0,0.0
Ameer Abdullah,,,,,,,,6.5,0.0,0.0
Andre Baccellia,WR,,,,,,,,0.0,0.0
Andrei Iosivas,WR,,,,,,,13.3,0.0,0.0
Andrew Beck,TE,,,,,,,,0.0,0.0
Andy Dalton,QB,,,,,,,,0.0,0.0
Anthony Firkser,TE,,,,,,,,0.0,0.0
Anthony Gould,WR,,,,,,,,0.0,0.0
Anthony Miller,WR,,,,,,,,0.0,0.0
Anthony Richardson,QB,,,,,,,,0.0,0.0
Antoine Green,WR,,,,,,,,0.0,0.0
Antonio Gibson,RB,,,,,,,,0.0,0.0
Armani Rogers,TE,,,,,,,,0.0,0.0
Ashton Dulin,WR,,,,,,,,0.0,0.0
Audric Estime,RB,,,,,,,,0.0,0.0
Austin Ekeler,RB,,,,,,,10.5,0.0,0.0
Austin Hooper,TE,,,,,,,10.6,0.0,0.0
Austin Reed,QB,,,,,,,,0.0,0.0
Austin Trammell,WR,,,,,,,20,0.0,0.0
Avery Williams,RB,,,,,,,,0.0,0.0
Bailey Zappe,QB,,,,,,,,0.0,0.0
Baylor Cupp,TE,,,,,,,,0.0,0.0
Ben DiNucci,QB,,,,,,,,0.0,0.0
Ben Sims,TE,,,,,,,,0.0,0.0
Ben Sinnott,TE,,,,,,,,0.0,0.0
Ben Skowronek,WR,,,,,,,,0.0,0.0
Blake Corum,RB,,,,,,,,0.0,0.0
Blake Watson,RB,,,,,,,,0.0,0.0
Blake Whiteheart,TE,,,,,,,,0.0,0.0
Brady Russell,TE,,,,,,,,0.0,0.0
Braelon Allen,RB,,,,,,,,0.0,0.0
Brandin Cooks,WR,,,,,,,10,0.0,0.0
Brandon Aiyuk,WR,,,,,,,15,0.0,0.0
Brandon Allen,QB,,,,,,,,0.0,0.0
Braxton Berrios,WR,,,,,,,,0.0,0.0
Brayden Willis,TE,,,,,,,,0.0,0.0
Brenden Bates,TE,,,,,,,,0.0,0.0
Brenden Rice,WR,,,,,,,,0.0,0.0
Brenton Strange,TE,,,,,,,10.3,0.0,0.0
Brett Rypien,QB,,,,,,,,0.0,0.0
Brevin Jordan,TE,,,,,,,,0.0,0.0
Brevyn Spann-Ford,TE,,,,,,,,0.0,0.0
British Brooks,RB,,,,,,,,0.0,0.0
Brock Wright,TE,,,,,,,,0.0,0.0
Bryce Ford-Wheaton,WR,,,,,,,,0.0,0.0
Bryce Oliver,WR,,,,,,,,0.0,0.0
Brycen Tremayne,WR,,,,,,,,0.0,0.0
Bub Means,WR,,,,,,,,0.0,0.0
Cade Otton,TE,,,,,,,10.2,0.0,0.0
Cade Stover,TE,,,,,,,,0.0,0.0
Calvin Austin III,,,,,,,,15.2,0.0,0.0
Cam Grandy,TE,,,,,,,,0.0,0.0
Cameron Latu,TE,,,,,,,,0.0,0.0
Carlos Washington Jr.,RB,,,,,,,,0.0,0.0
Carter Bradley,QB,,,,,,,,0.0,0.0
Case Keenum,QB,,,,,,,,0.0,0.0
Casey Washington,WR,,,,,,,,0.0,0.0
Cedric Tillman,WR,,,,,,,11.7,0.0,0.0
Cedrick Wilson Jr.,WR,,,,,,,,0.0,0.0
Charlie Jones,WR,,,,,,,,0.0,0.0
Charlie Woerner,TE,,,,,,,,0.0,0.0
Chig Okonkwo,TE,,,,,,,9.2,0.0,0.0
Chris Brooks,RB,,,,,,,,0.0,0.0
Chris Collier,RB,,,,,,,,0.0,0.0
Chris Godwin,WR,,,,,,,11.5,0.0,0.0
Chris Manhertz,TE,,,,,,,,0.0,0.0
Chris Moore,WR,,,,,,,,0.0,0.0
Chris Olave,WR,,,,,,,12.5,0.0,0.0
Chris Rodriguez Jr.,RB,,,,,,,,0.0,0.0
Christian Kirk,WR,,,,,,,14,0.0,0.0
Christian Watson,WR,,,,,,,21.4,0.0,0.0
Clayton Tune,QB,,,,,,,,0.0,0.0
Clyde Edwards-Helaire,RB,,,,,,,,0.0,0.0
Cody Schrader,RB,,,,,,,,0.0,0.0
Cody White,WR,,,,,,,,0.0,0.0
Colby Parkinson,TE,,,,,,,,0.0,0.0
Cole Burgess,WR,,,,,,,,0.0,0.0
Cole Kmet,TE,,,,,,,10.1,0.0,0.0
Cole Turner,TE,,,,,,,,0.0,0.0
Colin Granger,TE,,,,,,,,0.0,0.0
Colson Yankoff,TE,,,,,,,,0.0,0.0
Colton Dowell,WR,,,,,,,,0.0,0.0
Connor Heyward,TE,,,,,,,,0.0,0.0
Cooper Rush,QB,,,,,,,,0.0,0.0
Cordarrelle Patterson,RB,,,,,,,,0.0,0.0
Cornelius Johnson,WR,,,,,,,,0.0,0.0
Craig Reynolds,RB,,,,,,,,0.0,0.0
Curtis Samuel,WR,,,,,,,8.2,0.0,0.0
D.J. Montgomery,WR,,,,,,,,0.0,0.0
D.J. Williams,RB,,,,,,,,0.0,0.0
Dallas Goedert,TE,,,,,,,11.8,0.0,0.0
Dallin Holker,TE,,,,,,,,0.0,0.0
Dalton Schultz,TE,,,,,,,10,0.0,0.0
Dameon Pierce,RB,,,,,,,,0.0,0.0
Dan Chisena,WR,,,,,,,,0.0,0.0
Daniel Bellinger,TE,,,,,,,,0.0,0.0
Daniel Jones,QB,,,,,,,,0.0,0.0
Danny Gray,WR,,,,,,,,0.0,0.0
Dante Miller,RB,,,,,,,,0.0,0.0
Dante Pettis,WR,,,,,,,,0.0,0.0
Dareke Young,WR,,,,,,,,0.0,0.0
Darius Slayton,WR,,,,,,,14.7,0.0,0.0
Darnell Mooney,WR,,,,,,,15.5,0.0,0.0
Darnell Washington,TE,,,,,,,,0.0,0.0
Darrynton Evans,RB,,,,,,,,0.0,0.0
David Bell,WR,,,,,,,,0.0,0.0
David Martin-Robinson,TE,,,,,,,,0.0,0.0
David Moore,WR,,,,,,,11,0.0,0.0
David Njoku,TE,,,,,,,7.9,0.0,0.0
David Sills,WR,,,,,,,,0.0,0.0
David White Jr.,WR,,,,,,,,0.0,0.0
Davis Allen,TE,,,,,,,,0.0,0.0
Davis Mills,QB,,,,,,,,0.0,0.0
Dawson Knox,TE,,,,,,,,0.0,0.0
Dax Milne,WR,,,,,,,,0.0,0.0
Dayton Wade,WR,,,,,,,,0.0,0.0
DeAndre Carter,WR,,,,,,,,0.0,0.0
DeAndre Hopkins,WR,,,,,,,10.9,0.0,0.0
DeMario Douglas,WR,,,,,,,9.4,0.0,0.0
Dee Eskridge,WR,,,,,,,,0.0,0.0
DeeJay Dallas,RB,,,,,,,,0.0,0.0
Deebo Samuel Sr.,WR,,,,,,,,0.0,0.0
Demarcus Robinson,WR,,,,,,,,0.0,0.0
Demetric Felton,RB,,,,,,,,0.0,0.0
Dennis Houston,WR,,,,,,,,0.0,0.0
Derek Carr,QB,,,,,,,,0.0,0.0
Derius Davis,WR,,,,,,,,0.0,0.0
Deshaun Watson,QB,,,,,,,,0.0,0.0
Deuce Vaughn,RB,,,,,,,,0.0,0.0
Devaughn Vele,WR,,,,,,,11.6,0.0,0.0
Devin Culp,TE,,,,,,,,0.0,0.0
Devin Duvernay,WR,,,,,,,,0.0,0.0
Devin Leary,QB,,,,,,,,0.0,0.0
Devin Singletary,RB,,,,,,,,0.0,0.0
Devontez Walker,WR,,,,,,,,0.0,0.0
Dez Fitzpatrick,WR,,,,,,,,0.0,0.0
Diontae Johnson,,,,,,,,11.4,0.0,0.0
Dominique Dafney,TE,,,,,,,,0.0,0.0
Donald Parham Jr.,TE,,,,,,,,0.0,0.0
Dontayvion Wicks,WR,,,,,,,10.6,0.0,0.0
Dorian Thompson-Robinson,QB,,,,,,,,0.0,0.0
Drake Stoops,WR,,,,,,,,0.0,0.0
Drew Sample,TE,,,,,,,,0.0,0.0
Durham Smythe,TE,,,,,,,,0.0,0.0
Dyami Brown,WR,,,,,,,10.3,0.0,0.0
Dylan Drummond,WR,,,,,,,,0.0,0.0
Dylan Laube,RB,,,,,,,,0.0,0.0
E.J. Jenkins,TE,,,,,,,,0.0,0.0
Easop Winston,WR,,,,,,,,0.0,0.0
Elijah Cooks,WR,,,,,,,,0.0,0.0
Elijah Dotson,RB,,,,,,,,0.0,0.0
Elijah Higgins,TE,,,,,,,,0.0,0.0
Elijah Mitchell,RB,,,,,,,,0.0,0.0
Elijah Moore,,,,,,,,8.8,0.0,0.0
Emani Bailey,RB,,,,,,,,0.0,0.0
Emanuel Wilson,RB,,,,,,,,0.0,0.0
Emari Demercado,RB,,,,,,,,0.0,0.0
Emory Jones,QB,,,,,,,,0.0,0.0
Eric Gray,RB,,,,,,,,0.0,0.0
Eric Saubert,TE,,,,,,,,0.0,0.0
Erick All Jr.,TE,,,,,,,7.9,0.0,0.0
Evan Engram,TE,,,,,,,7.8,0.0,0.0
Evan Hull,RB,,,,,,,,0.0,0.0
Feleipe Franks,TE,,,,,,,,0.0,0.0
Foster Moreau,TE,,,,,,,12.9,0.0,0.0
Frank Gore Jr.,RB,,,,,,,,0.0,0.0
Gabe Davis,WR,,,,,,,11.9,0.0,0.0
Gardner Minshew II,QB,,,,,,,,0.0,0.0
Gary Brightwell,RB,,,,,,,,0.0,0.0
George Holani,RB,,,,,,,,0.0,0.0
Giovanni Ricci,TE,,,,,,,,0.0,0.0
Grant Calcaterra,TE,,,,,,,,0.0,0.0
Greg Dortch,WR,,,,,,,9.2,0.0,0.0
Greg Dulcich,TE,,,,,,,,0.0,0.0
Harrison Bryant,TE,,,,,,,,0.0,0.0
Hassan Haskins,RB,,,,,,,,0.0,0.0
Hayden Rucci,TE,,,,,,,,0.0,0.0
Hendon Hooker,QB,,,,,,,,0.0,0.0
Hollywood Brown,,,,,,,,10.1,0.0,0.0
Hunter Henry,TE,,,,,,,10.2,0.0,0.0
Hunter Long,TE,,,,,,,,0.0,0.0
Hunter Luepke,RB,,,,,,,,0.0,0.0
Ian Thomas,TE,,,,,,,,0.0,0.0
Ian Wheeler,RB,,,,,,,,0.0,0.0
Ihmir Smith-Marsette,WR,,,,,,,,0.0,0.0
Isaac Guerendo,RB,,,,,,,,0.0,0.0
Isaiah Davis,RB,,,,,,,,0.0,0.0
Isaiah Hodgins,WR,,,,,,,,0.0,0.0
Isaiah Likely,TE,,,,,,,11.4,0.0,0.0
Isaiah Spiller,RB,,,,,,,,0.0,0.0
Isaiah Williams,WR,,,,,,,,0.0,0.0
Isiah Pacheco,RB,,,,,,,,0.0,0.0
Israel Abanikanda,RB,,,,,,,,0.0,0.0
J.J. Taylor,RB,,,,,,,,0.0,0.0
J.K. Dobbins,,,,,,,,4.8,0.0,0.0
Ja'Lynn Polk,WR,,,,,,,,0.0,0.0
Ja'Tavion Sanders,TE,,,,,,,10.4,0.0,0.0
JaQuae Jackson,WR,,,,,,,,0.0,0.0
Jabari Small,RB,,,,,,,,0.0,0.0
Jack Plummer,QB,,,,,,,,0.0,0.0
Jack Stoll,TE,,,,,,,,0.0,0.0
Jack Westover,TE,,,,,,,,0.0,0.0
Jacob Cowing,WR,,,,,,,,0.0,0.0
Jacoby Brissett,QB,,,,,,,,0.0,0.0
Jahan Dotson,WR,,,,,,,,0.0,0.0
Jaheim Bell,TE,,,,,,,,0.0,0.0
Jake Bobo,WR,,,,,,,,0.0,0.0
Jake Fromm,QB,,,,,,,,0.0,0.0
Jake Haener,QB,,,,,,,,0.0,0.0
Jake Tonges,TE,,,,,,,,0.0,0.0
Jaleel McLaughlin,RB,,,,,,,,0.0,0.0
Jalen Brooks,WR,,,,,,,,0.0,0.0
Jalen Coker,WR,,,,,,,14.9,0.0,0.0
Jalen Cropper,WR,,,,,,,,0.0,0.0
Jalen McMillan,WR,,,,,,,12.5,0.0,0.0
Jalen Nailor,WR,,,,,,,,0.0,0.0
Jalen Reagor,WR,,,,,,,,0.0,0.0
Jalen Tolbert,WR,,,,,,,12.4,0.0,0.0
Jalin Hyatt,WR,,,,,,,,0.0,0.0
Jamal Agnew,WR,,,,,,,,0.0,0.0
Jamari Thrash,WR,,,,,,,,0.0,0.0
Jameis Winston,QB,,,,,,,,0.0,0.0
James Mitchell,TE,,,,,,,,0.0,0.0
James Proche II,WR,,,,,,,,0.0,0.0
Jared Wayne,WR,,,,,,,,0.0,0.0
Jared Wiley,TE,,,,,,,,0.0,0.0
Jaren Hall,QB,,,,,,,,0.0,0.0
Jaret Patterson,RB,,,,,,,,0.0,0.0
Jarrett Stidham,QB,,,,,,,,0.0,0.0
Jase McClellan,RB,,,,,,,,0.0,0.0
Jason Bean,QB,,,,,,,,0.0,0.0
Jason Brownlee,WR,,,,,,,,0.0,0.0
Jauan Jennings,WR,,,,,,,12.7,0.0,0.0
Javon Baker,WR,,,,,,,,0.0,0.0
Javonte Williams,RB,,,,,,,6.7,0.0,0.0
Jawhar Jordan,RB,,,,,,,,0.0,0.0
Jayden Reed,WR,,,,,,,15.6,0.0,0.0
Jaylen Johnson,WR,,,,,,,,0.0,0.0
Jaylen Warren,RB,,,,,,,8.2,0.0,0.0
Jaylen Wright,RB,,,,,,,,0.0,0.0
Jeff Foreman,WR,,,,,,,,0.0,0.0
Jelani Woods,TE,,,,,,,,0.0,0.0
Jeremy McNichols,RB,,,,,,,,0.0,0.0
Jeremy Ruckert,TE,,,,,,,,0.0,0.0
Jermaine Burton,WR,,,,,,,,0.0,0.0
Jerome Ford,RB,,,,,,,6.1,0.0,0.0
Jeshaun Jones,WR,,,,,,,,0.0,0.0
Jesse Matthews,WR,,,,,,,,0.0,0.0
Jha'Quan Jackson,WR,,,,,,,,0.0,0.0
Jimmy Garoppolo,QB,,,,,,,,0.0,0.0
Joe Milton III,QB,,,,,,,,0.0,0.0
Joe Mixon,RB,,,,,,,8.6,0.0,0.0
Joel Wilson,TE,,,,,,,,0.0,0.0
John Bates,TE,,,,,,,,0.0,0.0
John Jackson,WR,,,,,,,,0.0,0.0
John Jiles,WR,,,,,,,,0.0,0.0
John Metchie III,WR,,,,,,,,0.0,0.0
John Rhys Plumlee,WR,,,,,,,,0.0,0.0
John Ross,WR,,,,,,,,0.0,0.0
John Stephens Jr.,TE,,,,,,,,0.0,0.0
John Wolford,QB,,,,,,,,0.0,0.0
Johnny Lumpkin,TE,,,,,,,,0.0,0.0
Johnny Mundt,TE,,,,,,,,0.0,0.0
Johnny Wilson,WR,,,,,,,,0.0,0.0
Jonathan Mingo,WR,,,,,,,,0.0,0.0
Jonathan Ward,RB,,,,,,,,0.0,0.0
Jonathon Brooks,RB,,,,,,,,0.0,0.0
Jonnu Smith,TE,,,,,,,10,0.0,0.0
Jordan Addison,WR,,,,,,,13.9,0.0,0.0
Jordan Akins,,,,,,,,9.8,0.0,0.0
Jordan Mason,RB,,,,,,,,0.0,0.0
Jordan Matthews,TE,,,,,,,,0.0,0.0
Jordan Mims,RB,,,,,,,,0.0,0.0
Jordan Murray,TE,,,,,,,,0.0,0.0
Jordan Petaia,TE,,,,,,,,0.0,0.0
Jordan Travis,QB,,,,,,,,0.0,0.0
Jordan Whittington,WR,,,,,,,,0.0,0.0
Josh Downs,WR,,,,,,,11.2,0.0,0.0
Josh Oliver,TE,,,,,,,,0.0,0.0
Josh Reynolds,WR,,,,,,,,0.0,0.0
Josh Whyle,TE,,,,,,,,0.0,0.0
Joshua Cephus,WR,,,,,,,,0.0,0.0
Joshua Dobbs,QB,,,,,,,,0.0,0.0
Joshua Palmer,WR,,,,,,,15,0.0,0.0
JuJu Smith-Schuster,WR,,,,,,,,0.0,0.0
Julian Hicks,WR,,,,,,,,0.0,0.0
Julian Hill,TE,,,,,,,,0.0,0.0
Justice Hill,RB,,,,,,,9.1,0.0,0.0
Justin Jefferson,WR,,,,,,,14.9,0.0,0.0
Justin Shorter,TE,,,,,,,,0.0,0.0
Justin Watson,WR,,,,,,,,0.0,0.0
Juwan Johnson,TE,,,,,,,11,0.0,0.0
K.J. Osborn,WR,,,,,,,,0.0,0.0
KJ Hamler,WR,,,,,,,,0.0,0.0
KaVontae Turpin,WR,,,,,,,,0.0,0.0
Kalif Raymond,WR,,,,,,,,0.0,0.0
Kameron Johnson,WR,,,,,,,,0.0,0.0
Kareem Hunt,RB,,,,,,,,0.0,0.0
Kayshon Boutte,WR,,,,,,,13.7,0.0,0.0
Kazmeir Allen,RB,,,,,,,,0.0,0.0
Keaontay Ingram,RB,,,,,,,,0.0,0.0
Keaton Mitchell,RB,,,,,,,,0.0,0.0
Kedon Slovis,QB,,,,,,,,0.0,0.0
Keenan Allen,,,,,,,,10.6,0.0,0.0
Keilan Robinson,RB,,,,,,,,0.0,0.0
Keith Kirkwood,WR,,,,,,,,0.0,0.0
Kelvin Harmon,WR,,,,,,,,0.0,0.0
Kendall Milton,RB,,,,,,,,0.0,0.0
Kendre Miller,RB,,,,,,,,0.0,0.0
Kendrick Bourne,WR,,,,,,,10.9,0.0,0.0
Kene Nwangwu,RB,,,,,,,,0.0,0.0
Kenneth Gainwell,RB,,,,,,,,0.0,0.0
Kenny McIntosh,RB,,,,,,,,0.0,0.0
Kenny Pickett,QB,,,,,,,,0.0,0.0
Kenny Yeboah,TE,,,,,,,,0.0,0.0
Keon Coleman,WR,,,,,,,19.2,0.0,0.0
KhaDarel Hodge,WR,,,,,,,,0.0,0.0
Khalil Herbert,RB,,,,,,,,0.0,0.0
Khalil Shakir,WR,,,,,,,10.8,0.0,0.0
Kimani Vidal,RB,,,,,,,,0.0,0.0
Kirk Cousins,QB,,,,,,,,0.0,0.0
Ko Kieft,TE,,,,,,,,0.0,0.0
Kristian Wilkerson,WR,,,,,,,,0.0,0.0
Kyle Allen,QB,,,,,,,,0.0,0.0
Kyle Philips,WR,,,,,,,,0.0,0.0
Kylen Granson,TE,,,,,,,,0.0,0.0
Lance McCutcheon,WR,,,,,,,,0.0,0.0
Laquon Treadwell,WR,,,,,,,,0.0,0.0
Laviska Shenault Jr.,WR,,,,,,,,0.0,0.0
Lawrence Cager,TE,,,,,,,,0.0,0.0
Lew Nichols,RB,,,,,,,,0.0,0.0
Lideatrick Griffin,WR,,,,,,,,0.0,0.0
Lil'Jordan Humphrey,WR,,,,,,,,0.0,0.0
Louis Rees-Zammit,RB,,,,,,,,0.0,0.0
Lucky Jackson,WR,,,,,,,,0.0,0.0
Luke Farrell,TE,,,,,,,,0.0,0.0
Luke McCaffrey,WR,,,,,,,,0.0,0.0
Luke Musgrave,TE,,,,,,,,0.0,0.0
Luke Schoonmaker,TE,,,,,,,,0.0,0.0
Mac Jones,QB,,,,,,,,0.0,0.0
Mack Hollins,WR,,,,,,,,0.0,0.0
Malachi Corley,WR,,,,,,,,0.0,0.0
Malik Cunningham,WR,,,,,,,,0.0,0.0
Malik Davis,RB,,,,,,,,0.0,0.0
Malik Heath,WR,,,,,,,,0.0,0.0
Malik Washington,WR,,,,,,,,0.0,0.0
Malik Willis,QB,,,,,,,,0.0,0.0
MarShawn Lloyd,RB,,,,,,,,0.0,0.0
Marcus Mariota,QB,,,,,,,,0.0,0.0
Marcus Riley,WR,,,,,,,,0.0,0.0
Marquez Callaway,WR,,,,,,,,0.0,0.0
Marquez Valdes-Scantling,WR,,,,,,,,0.0,0.0
Marquise Brown,WR,,,,,,,,0.0,0.0
Marvin Mims Jr.,WR,,,,,,,12.9,0.0,0.0
Mason Kinsey,WR,,,,,,,,0.0,0.0
Mason Pline,TE,,,,,,,,0.0,0.0
Mason Rudolph,QB,,,,,,,,0.0,0.0
Mason Tipton,WR,,,,,,,,0.0,0.0
Matthew Stafford,QB,,,,,,,,0.0,0.0
Maurice Alexander,WR,,,,,,,,0.0,0.0
McCallan Castles,TE,,,,,,,,0.0,0.0
Mecole Hardman,WR,,,,,,,,0.0,0.0
Messiah Swinson,TE,,,,,,,,0.0,0.0
Michael Bandy,WR,,,,,,,,0.0,0.0
Michael Carter,RB,,,,,,,5.2,0.0,0.0
Michael Gallup,WR,,,,,,,,0.0,0.0
Michael Mayer,TE,,,,,,,7.4,0.0,0.0
Michael Pittman Jr.,WR,,,,,,,11.7,0.0,0.0
Michael Pratt,QB,,,,,,,,0.0,0.0
Michael Wiley,RB,,,,,,,,0.0,0.0
Michael Wilson,WR,,,,,,,11.7,0.0,0.0
Michael Woods II,WR,,,,,,,,0.0,0.0
Mike Gesicki,TE,,,,,,,10.2,0.0,0.0
Mike Strachan,RB,,,,,,,,0.0,0.0
Mike White,QB,,,,,,,,0.0,0.0
Mike Williams,WR,,,,,,,,0.0,0.0
Miles Boykin,WR,,,,,,,,0.0,0.0
Miles Sanders,RB,,,,,,,6.2,0.0,0.0
Mitchell Tinsley,WR,,,,,,,,0.0,0.0
Mitchell Trubisky,QB,,,,,,,,0.0,0.0
Montrell Washington,WR,,,,,,,,0.0,0.0
Najee Harris,RB,,,,,,,7.9,0.0,0.0
Name,Position,,,,,,,,0.0,0.0
Nate Adkins,TE,,,,,,,,0.0,0.0
Neal Johnson,TE,,,,,,,,0.0,0.0
Nick Mullens,QB,,,,,,,,0.0,0.0
Nick Muse,TE,,,,,,,,0.0,0.0
Nick Westbrook-Ikhine,WR,,,,,,,15.5,0.0,0.0
Nikko Remigio,WR,,,,,,,,0.0,0.0
Noah Brown,WR,,,,,,,12.9,0.0,0.0
Noah Fant,TE,,,,,,,10.4,0.0,0.0
Noah Gray,TE,,,,,,,10.9,0.0,0.0
Olamide Zaccheaus,WR,,,,,,,11.2,0.0,0.0
Ontaria Wilson,WR,,,,,,,,0.0,0.0
Parker Washington,WR,,,,,,,12.2,0.0,0.0
Parris Campbell,WR,,,,,,,,0.0,0.0
Pat Freiermuth,TE,,,,,,,10,0.0,0.0
Patrick Murtagh,TE,,,,,,,,0.0,0.0
Patrick Taylor Jr.,RB,,,,,,,,0.0,0.0
Payne Durham,TE,,,,,,,,0.0,0.0
Pharaoh Brown,TE,,,,,,,,0.0,0.0
Phillip Dorsett II,WR,,,,,,,,0.0,0.0
Pierre Strong Jr.,RB,,,,,,,,0.0,0.0
Princeton Fant,TE,,,,,,,,0.0,0.0
Quentin Johnston,WR,,,,,,,12.9,0.0,0.0
Quez Watkins,WR,,,,,,,,0.0,0.0
Quintez Cephus,WR,,,,,,,,0.0,0.0
Rachaad White,RB,,,,,,,7.7,0.0,0.0
Raheem Blackshear,RB,,,,,,,,0.0,0.0
Raheem Mostert,RB,,,,,,,,0.0,0.0
Rakim Jarrett,WR,,,,,,,,0.0,0.0
Ramel Keyton,WR,,,,,,,,0.0,0.0
Rashee Rice,WR,,,,,,,12,0.0,0.0
Rasheen Ali,RB,,,,,,,,0.0,0.0
Rashid Shaheed,WR,,,,,,,17.5,0.0,0.0
Ray Davis,RB,,,,,,,,0.0,0.0
Ray-Ray McCloud III,WR,,,,,,,11.1,0.0,0.0
Rhamondre Stevenson,RB,,,,,,,5.1,0.0,0.0
Ricky Pearsall,WR,,,,,,,12.9,0.0,0.0
Rico Dowdle,RB,,,,,,,6.4,0.0,0.0
River Cracraft,WR,,,,,,,,0.0,0.0
Robert Tonyan,TE,,,,,,,,0.0,0.0
Roman Wilson,WR,,,,,,,,0.0,0.0
Romeo Doubs,WR,,,,,,,13.1,0.0,0.0
Rondale Moore,WR,,,,,,,,0.0,0.0
Ronnie Bell,WR,,,,,,,,0.0,0.0
Ronnie Rivers,RB,,,,,,,,0.0,0.0
Roschon Johnson,RB,,,,,,,,0.0,0.0
Russell Gage Jr.,WR,,,,,,,,0.0,0.0
Russell Wilson,QB,,,,,,,,0.0,0.0
Ryan Flournoy,WR,,,,,,,,0.0,0.0
Ryan Miller,WR,,,,,,,,0.0,0.0
Salvon Ahmed,RB,,,,,,,,0.0,0.0
Sam Ehlinger,QB,,,,,,,,0.0,0.0
Sam Hartman,QB,,,,,,,,0.0,0.0
Samaje Perine,RB,,,,,,,,0.0,0.0
Samori Toure,WR,,,,,,,,0.0,0.0
Scotty Miller,WR,,,,,,,,0.0,0.0
Sean Clifford,QB,,,,,,,,0.0,0.0
Sean McKeon,TE,,,,,,,,0.0,0.0
Sean Tucker,RB,,,,,,,,0.0,0.0
Seth Williams,WR,,,,,,,,0.0,0.0
Shane Zylstra,TE,,,,,,,,0.0,0.0
Shawn Bowman,TE,,,,,,,,0.0,0.0
Shedrick Jackson,WR,,,,,,,,0.0,0.0
Simi Fehoko,WR,,,,,,,,0.0,0.0
Sione Vaki,RB,,,,,,,,0.0,0.0
Skylar Thompson,QB,,,,,,,,0.0,0.0
Skyy Moore,WR,,,,,,,,0.0,0.0
Spencer Rattler,QB,,,,,,,,0.0,0.0
Stanley Morgan Jr.,WR,,,,,,,,0.0,0.0
Stephen Carlson,TE,,,,,,,,0.0,0.0
Sterling Shepard,WR,,,,,,,10.4,0.0,0.0
Stetson Bennett,QB,,,,,,,,0.0,0.0
Steven Sims,WR,,,,,,,,0.0,0.0
T.J. Hockenson,TE,,,,,,,11.1,0.0,0.0
T.J. Luther,WR,,,,,,,,0.0,0.0
Tahj Washington,WR,,,,,,,,0.0,0.0
Tank Bigsby,RB,,,,,,,,0.0,0.0
Tank Dell,WR,,,,,,,13.1,0.0,0.0
Tanner Conner,TE,,,,,,,,0.0,0.0
Tanner Hudson,TE,,,,,,,,0.0,0.0
Tanner Knue,WR,,,,,,,,0.0,0.0
Tanner McKee,QB,,,,,,,,0.0,0.0
Tanner McLachlan,TE,,,,,,,,0.0,0.0
Tanner Mordecai,QB,,,,,,,,0.0,0.0
Tanner Taula,TE,,,,,,,,0.0,0.0
Tarik Black,WR,,,,,,,,0.0,0.0
Taylor Heinicke,QB,,,,,,,,0.0,0.0
Taysom Hill,QB,,,,,,,8.1,0.0,0.0
Teagan Quitoriano,TE,,,,,,,,0.0,0.0
Tejhaun Palmer,WR,,,,,,,,0.0,0.0
Terique Owens,WR,,,,,,,,0.0,0.0
Terrell Jennings,RB,,,,,,,,0.0,0.0
Terry McLaurin,WR,,,,,,,13.4,0.0,0.0
Thayer Thomas,WR,,,,,,,,0.0,0.0
Theo Johnson,TE,,,,,,,11.4,0.0,0.0
Thomas Yassmin,TE,,,,,,,,0.0,0.0
Tim Boyle,QB,,,,,,,,0.0,0.0
Tim Jones,WR,,,,,,,,0.0,0.0
Tim Patrick,WR,,,,,,,11.9,0.0,0.0
Tip Reiman,TE,,,,,,,,0.0,0.0
Tom Kennedy,WR,,,,,,,,0.0,0.0
Tommy DeVito,QB,,,,,,,,0.0,0.0
Tommy Tremble,TE,,,,,,,10.2,0.0,0.0
Travis Etienne Jr.,RB,,,,,,,6.5,0.0,0.0
Travis Homer,RB,,,,,,,,0.0,0.0
Travis Vokolek,TE,,,,,,,,0.0,0.0
Tre Tucker,WR,,,,,,,11.5,0.0,0.0
Tre' McKitty,TE,,,,,,,,0.0,0.0
Trent Sherfield Sr.,WR,,,,,,,,0.0,0.0
Trent Taylor,WR,,,,,,,,0.0,0.0
Trey Benson,RB,,,,,,,,0.0,0.0
Trey Lance,QB,,,,,,,,0.0,0.0
Trey Palmer,WR,,,,,,,,0.0,0.0
Treylon Burks,WR,,,,,,,,0.0,0.0
Treyton Welch,TE,,,,,,,,0.0,0.0
Trishton Jackson,WR,,,,,,,,0.0,0.0
Troy Franklin,WR,,,,,,,,0.0,0.0
Tutu Atwell,WR,,,,,,,13.4,0.0,0.0
Ty Chandler,RB,,,,,,,,0.0,0.0
Ty Johnson,RB,,,,,,,,0.0,0.0
Tyjae Spears,RB,,,,,,,7.5,0.0,0.0
Tylan Wallace,WR,,,,,,,,0.0,0.0
Tyler Allgeier,RB,,,,,,,,0.0,0.0
Tyler Boyd,,,,,,,,10,0.0,0.0
Tyler Conklin,TE,,,,,,,8.8,0.0,0.0
Tyler Higbee,TE,,,,,,,8.3,0.0,0.0
Tyler Johnson,WR,,,,,,,,0.0,0.0
Tyler Lockett,,,,,,,,12.2,0.0,0.0
Tyler Scott,WR,,,,,,,,0.0,0.0
Tyquan Thornton,WR,,,,,,,,0.0,0.0
Tyree Jackson,TE,,,,,,,,0.0,0.0
Tyrell Shavers,WR,,,,,,,,0.0,0.0
Tyrion Davis-Price,RB,,,,,,,,0.0,0.0
Tyrone Tracy Jr.,RB,,,,,,,7.5,0.0,0.0
Tyson Bagent,QB,,,,,,,,0.0,0.0
Van Jefferson,WR,,,,,,,,0.0,0.0
Velus Jones Jr.,WR,,,,,,,,0.0,0.0
Wan'Dale Robinson,WR,,,,,,,7.5,0.0,0.0
Will Dissly,TE,,,,,,,9.6,0.0,0.0
Will Grier,QB,,,,,,,,0.0,0.0
Will Levis,QB,,,,,,,,0.0,0.0
Will Mallory,TE,,,,,,,,0.0,0.0
Will Shipley,RB,,,,,,,,0.0,0.0
Xavier Gipson,WR,,,,,,,,0.0,0.0
Xavier Hutchinson,WR,,,,,,,,0.0,0.0
Xavier Johnson,WR,,,,,,,,0.0,0.0
Xavier Legette,WR,,,,,,,10.1,0.0,0.0
Xavier Smith,WR,,,,,,,,0.0,0.0
Xavier Weaver,WR,,,,,,,,0.0,0.0
Xazavian Valladay,RB,,,,,,,,0.0,0.0
Zach Charbonnet,RB,,,,,,,8.1,0.0,0.0
Zach Ertz,TE,,,,,,,9.9,0.0,0.0
Zach Evans,RB,,,,,,,,0.0,0.0
Zach Pascal,WR,,,,,,,,0.0,0.0
Zach Wilson,QB,,,,,,,,0.0,0.0
Zack Kuntz,TE,,,,,,,,0.0,0.0
Zack Moss,RB,,,,,,,8.1,0.0,0.0
Zamir White,RB,,,,,,,,0.0,0.0
Zavier Scott,RB,,,,,,,,0.0,0.0
Zay Jones,WR,,,,,,,,0.0,0.0
